1;Simonne;Munkton;smunkton0@seesaa.net
2;Petronilla;Sea;psea1@about.com
3;Jacob;Schleicher;jschleicher2@wunderground.com
4;Caro;Keetley;ckeetley3@slashdot.org
5;Emelda;Hovenden;ehovenden4@ifeng.com
6;Pail;Williamson;pwilliamson5@ebay.com
7;Valina;Prozillo;vprozillo6@exblog.jp
8;Inesita;Drewry;idrewry7@friendfeed.com
9;Kleon;Gathwaite;kgathwaite8@dmoz.org
10;Gypsy;Trafford;gtrafford9@e-recht24.de
11;Obadias;Granham;ogranhama@walmart.com
12;Randy;Lope;rlopeb@drupal.org
13;Sibby;Snalham;ssnalhamc@loc.gov
14;Colver;Abramovitz;cabramovitzd@google.cn
15;Aldus;Seer;aseere@woothemes.com
16;Mic;Crowthe;mcrowthef@bravesites.com
17;Llywellyn;Cleal;lclealg@timesonline.co.uk
18;Leontine;Toye;ltoyeh@4shared.com
19;Alina;Bunny;abunnyi@time.com
20;Estell;Kennermann;ekennermannj@stumbleupon.com
21;Farleigh;Fulun;ffulunk@cbslocal.com
22;Olly;Beardmore;obeardmorel@state.gov
23;Georg;Thow;gthowm@gov.uk
24;Kayley;Pring;kpringn@jugem.jp
25;Clayson;Hogben;chogbeno@virginia.edu
26;Rey;Frewer;rfrewerp@parallels.com
27;Mahmud;Elvey;melveyq@nyu.edu
28;Charlena;Sewart;csewartr@ucoz.ru
29;Conrado;Perrott;cperrotts@cam.ac.uk
30;Linoel;Shinner;lshinnert@hatena.ne.jp
31;Leigh;Grendon;lgrendonu@time.com
32;Elmer;McCaster;emccasterv@weibo.com
33;Pauly;Balke;pbalkew@unblog.fr
34;Demetria;Gavini;dgavinix@youtube.com
35;Joshuah;Yerson;jyersony@indiatimes.com
36;Dannye;Meates;dmeatesz@tripadvisor.com
37;Codi;Pennazzi;cpennazzi10@mail.ru
38;Natala;Petrovic;npetrovic11@g.co
39;Raphaela;de Clerk;rdeclerk12@chron.com
40;Teena;Malster;tmalster13@networksolutions.com
41;Lavinia;Hansberry;lhansberry14@dropbox.com
42;Henryetta;Gowthrop;hgowthrop15@ehow.com
43;Odette;Hickisson;ohickisson16@google.com.br
44;Barton;Peterkin;bpeterkin17@booking.com
45;Alicia;Emmins;aemmins18@pbs.org
46;Annissa;Arundell;aarundell19@netlog.com
47;Verile;Gapper;vgapper1a@ibm.com
48;Clara;Colquit;ccolquit1b@hubpages.com
49;Chevy;Scarborough;cscarborough1c@netlog.com
50;Mead;Klausen;mklausen1d@soup.io
51;Lyndy;Drivers;ldrivers1e@youtu.be
52;Spencer;Mahody;smahody1f@wisc.edu
53;Gerrie;Cheyenne;gcheyenne1g@fc2.com
54;Shina;Dunbobin;sdunbobin1h@soup.io
55;Dianemarie;Berkley;dberkley1i@craigslist.org
56;Nicolle;Howling;nhowling1j@pbs.org
57;Siana;Lent;slent1k@baidu.com
58;Ronalda;Hazeltine;rhazeltine1l@printfriendly.com
59;Lucienne;Darthe;ldarthe1m@over-blog.com
60;Dulce;McMeekin;dmcmeekin1n@nba.com
61;Ian;Tongs;itongs1o@qq.com
62;Corabel;Radley;cradley1p@reference.com
63;Jane;Rosbrough;jrosbrough1q@wp.com
64;Efren;Emnoney;eemnoney1r@timesonline.co.uk
65;Steffie;Downer;sdowner1s@marketwatch.com
66;Amaleta;Hassey;ahassey1t@taobao.com
67;Dilly;Abrey;dabrey1u@indiegogo.com
68;Faye;Woolforde;fwoolforde1v@umn.edu
69;Emlyn;Gubbin;egubbin1w@canalblog.com
70;Crin;Thackray;cthackray1x@theatlantic.com
71;Gustavo;Gibbard;ggibbard1y@liveinternet.ru
72;Stefan;Wanklyn;swanklyn1z@princeton.edu
73;Justino;Fancutt;jfancutt20@studiopress.com
74;Cam;Firebrace;cfirebrace21@sourceforge.net
75;Darb;Nano;dnano22@slashdot.org
76;Vincent;Harvard;vharvard23@chronoengine.com
77;Gilli;MacAndrew;gmacandrew24@walmart.com
78;Hebert;Jaqueme;hjaqueme25@webmd.com
79;Nonnah;Mourgue;nmourgue26@friendfeed.com
80;Sky;Hitscher;shitscher27@youtu.be
81;Magdalena;Franek;mfranek28@qq.com
82;Tricia;Brandoni;tbrandoni29@typepad.com
83;Drucie;Spottiswoode;dspottiswoode2a@dailymail.co.uk
84;Ingrid;Spittall;ispittall2b@addtoany.com
85;Mikel;Stoggles;mstoggles2c@edublogs.org
86;Timofei;Mounsey;tmounsey2d@pinterest.com
87;Bart;Shute;bshute2e@shinystat.com
88;Glynnis;Mallindine;gmallindine2f@opera.com
89;Biddy;McCullogh;bmccullogh2g@4shared.com
90;Hazel;Craik;hcraik2h@google.es
91;Sebastien;Kinchlea;skinchlea2i@bloomberg.com
92;Wren;Grinikhinov;wgrinikhinov2j@timesonline.co.uk
93;Jethro;O'Sheils;josheils2k@wikispaces.com
94;Joelie;Nerger;jnerger2l@bigcartel.com
95;Gasparo;Itzhaki;gitzhaki2m@jugem.jp
96;Barclay;Sedgman;bsedgman2n@vkontakte.ru
97;Bernita;Seamark;bseamark2o@buzzfeed.com
98;Solly;Rapa;srapa2p@twitter.com
99;Staford;Le Friec;slefriec2q@cbc.ca
100;Mariette;Conry;mconry2r@ucla.edu